First Name,Last Name,Full Name,Gender,Age,Email,Phone Number,Nationality,Occupation
Anthony,Hogan,Neville Gomez,Male,42,gear1828@example.org,056 9807 6526,Dutch,Riding Instructor
Kaley,Davidson,Epifania Daniel,Male,50,arrived2005@yahoo.com,0800 449 8251,Cambodian,Taxidermist
Demarcus,Hunt,Crysta Bradshaw,Female,25,briefly2090@live.com,0800 851 3199,Belgian,Tax Advisor
Tom,Mcknight,Conchita Gross,Female,37,franklin2002@outlook.com,0841 398 2250,Saudi,Landlord
Zack,Fields,Kenisha Schwartz,Female,84,depend1871@example.com,01951 691569,Mexican,Research Director
Arlena,Sears,Randy Lynch,Other,47,waters1934@yahoo.com,0800 363 8420,Afghan,Booking Clerk
Chris,Sykes,Malik Bolton,Female,36,previously1912@protonmail.com,055 5070 0035,Brazilian,Heating Engineer
Gilberto,Aguirre,Melodi Mcdowell,Male,75,tales1846@yandex.com,0800 219547,Uruguayan,Purchasing Assistant
Vern,Robbins,Bryan Barton,Female,64,compute1881@duck.com,0306 348 0660,Dominican,Accounts Staff
Tom,Schultz,Jayson Bond,Female,50,boxing1995@protonmail.com,0121 144 2294,Chinese,Records Supervisor
