Name,Address,Email
William Jennings,"2 Sian streets, New Maryton, E3 8ZA",francescaharrison@example.com
Rosemary Wright,"654 Robin track, Timothyland, CB55 0TX",simpsongemma@example.org
Sean Norton,"103 Robinson walk, Port Oliver, FY75 5QH",rita19@example.net
Brenda Briggs,"Studio 4, Lydia islands, East Ryanmouth, FK13 3UR",iwilkins@example.org
Leonard Powell-Morris,"Flat 32G, Green causeway, East Teresaburgh, KW9B 6ZT",andrea01@example.net
Aaron Read,"62 Harper stravenue, Donnaburgh, E4W 2QG",andersonwendy@example.org
Paula Shaw,"3 Graham street, Sharpside, G78 4WZ",iarnold@example.net
Oliver Edwards-Matthews,"Studio 71, Eric circles, Michaelshire, L9D 1BJ",howemohamed@example.org
Terence White,"299 Smith mountains, Batesville, KY5P 7BE",ahmeddeclan@example.org
Alison Bates,"24 Smith club, Mannside, B8 1JG",njones@example.com
Jennifer Lamb,"Studio 4, Booth street, Nashport, B98 5BB",hkerr@example.org
Kathryn Francis,"136 Shirley gateway, New Jonathanchester, PA9V 4HP",arthurbyrne@example.net
Kieran Murphy,"99 Liam plain, New Arthur, N13 4GT",molly80@example.net
Dr Mohamed Webb,"Flat 1, Abdul haven, Lake Glenn, M87 0DS",samuel05@example.org
Wayne Wade,"Studio 01, Hollie drive, Port Laurenshire, G6C 4QB",rhys31@example.com
Dr Dylan Morris,"6 Antony street, Victoriabury, CW1 0UJ",kellystone@example.org
Laura Knowles,"Flat 14w, Davies ville, Matthewville, DD9 0EZ",yward@example.com
Mrs Lorraine Sutton,"Flat 6, Maria valley, West Sharon, N9 1NW",dorothy65@example.com
Sean Naylor-Lucas,"946 Leon heights, South Rosemary, N7H 3WU",katycunningham@example.net
Elliott Bibi,"433 Peter cape, South Kathryn, W6 6UR",seanlynch@example.org
Mr Phillip Lloyd,"317 Gillian shores, Angelahaven, WA87 7TL",kimwhite@example.net
Terry Smith,"434 Newton plains, East Derekbury, SM23 6SP",nsanderson@example.com
Mrs Carly Palmer,"Flat 66I, Holly forges, Amandafort, S5 2TF",walkerjenna@example.net
James Short,"20 Lamb forest, Millsfurt, SY6 1UA",watkinsbruce@example.org
Joshua Porter,"3 Brenda drives, East Elaine, CH9H 4QG",hobbsben@example.com
Leah Payne,"Studio 3, Jenna spurs, North Bethan, WD9 9BQ",eadams@example.net
Ronald Brown,"Flat 6, Woods village, Goddardchester, M98 7SY",brandon31@example.com
Adrian Banks,"Flat 7, Clayton forest, Garrymouth, WS9 8AW",grahamsmith@example.com
Ricky Reed,"Studio 0, Billy forges, Marshallport, PA5R 6XP",rita74@example.com
Megan O'Neill-Lucas,"3 White radial, Oliverborough, DY5 4AX",henrythomas@example.org
Jacob Harrison,"Flat 0, Jones mill, Jeffreyton, WN7 1RU",mellorjoyce@example.org
Sharon Barker,"1 Butler turnpike, Port Zoe, LD74 4YZ",johnnigel@example.org
Kenneth Pritchard,"2 Charles alley, Pricefort, BD3 4TD",arthurgreenwood@example.net
Mohamed Roberts,"Flat 8, Eileen drive, Patrickland, G4 7ET",beth64@example.net
Louis Williams,"Studio 59q, George forks, Port Ellieview, B2H 4GY",fthomson@example.org
Clive Miles,"5 Faulkner heights, Bradleyside, W1 4PE",ataylor@example.net
Dr Russell Holloway,"Studio 70n, Parry heights, Wallacefort, B9 2NX",fishercolin@example.org
Mr Dale May,"Studio 48T, Allan orchard, Smithside, S39 1LS",kathleen40@example.com
Kieran Smart-Jackson,"87 Ross track, Murphymouth, L96 6BP",zcole@example.com
Ms Mandy Arnold,"Flat 7, Kerry motorway, Lake Garethchester, CV1R 5ZR",bartonfrances@example.net
Miss Aimee Edwards,"134 George mews, Port Ashleighville, DA40 5BN",karen62@example.org
Russell Armstrong,"1 Bibi garden, Walkerberg, W47 0TN",liamwilliams@example.com
Kieran Dawson,"Studio 4, Jacqueline walk, Deanfurt, N9E 0RL",armstrongjoyce@example.net
Katy Morris,"533 Davies stravenue, Lake Lewis, RM0M 0YQ",georgewalker@example.com
Gavin Jarvis-Daniels,"Flat 47, Morris junction, South Keithberg, S85 6AL",murphyellie@example.net
Wayne Jackson,"370 Austin forges, Lake Gillianport, KA1E 0NU",gibsonshannon@example.org
Dr Sheila Davies,"17 Singh harbors, Lake Laurenborough, LA35 5XQ",matthewskarl@example.org
Dr Jordan Adams,"32 Brian village, New Robin, N29 4FF",clive10@example.org
Eleanor Pearson,"Flat 2, Barnett streets, Careyland, LD58 7WJ",woodkaty@example.net
Fiona Graham-Holland,"Studio 1, Edwards mills, North Dannyberg, G4 6ZW",sandra89@example.com
Diana Clark,"Studio 3, Cook motorway, Sandersonville, KW5 5FU",greengraham@example.org
Mrs Joanna Barker,"Studio 16w, Taylor stravenue, West Graceport, CF9 2UJ",doddsuzanne@example.com
Olivia Allen,"402 Campbell inlet, Brucetown, G96 2AD",nicolaburton@example.com
Sheila Webster,"2 Marian causeway, West Angelachester, PL76 3WE",sharon14@example.net
Bryan Jones,"6 Thomas ford, Phillipberg, GY5 0US",callumpalmer@example.net
Lynda Doherty,"06 Kelly club, Beverleychester, S6E 6AP",mariannicholls@example.net
Mrs Marion Watts,"Studio 68, Hannah ways, Declanbury, TF2 8EW",damienparsons@example.net
Mr Terence Webb,"9 Abbie club, Port Teresa, LL99 9ZP",derek71@example.com
Guy Stokes,"81 Hall camp, West Mitchellland, WN1W 7YX",poweralexandra@example.net
Georgia Butler,"15 Leanne rue, North Louis, LA7V 5QN",vhanson@example.net
Richard Pearson,"18 Abbott stream, West Jonathan, G5E 2ZD",yvonne65@example.org
Bruce Norton,"Studio 50, Herbert forest, Danielleborough, G21 1WX",adamsmarian@example.org
Roy Nash,"706 Davies freeway, Morrisonmouth, L47 5YT",xmoran@example.com
Arthur Fletcher,"240 Cameron plaza, Lake Georgiaville, BT2 7WF",ogreen@example.com
Mrs Lynne Manning,"15 Matthew island, Port Francescamouth, G04 2UT",howejack@example.com
Sharon Parry,"34 Anthony garden, Dawsonmouth, E7 8YJ",iainmahmood@example.net
Ms Jemma Fletcher,"Flat 8, Janet well, Thomasfurt, EN0 1QJ",vaughanbrett@example.org
Stacey Kaur,"Studio 72Z, Philip stravenue, Simsborough, L0 4WR",wsmith@example.net
Dawn Evans,"Flat 15B, Reid lights, Christianfort, ME5V 1SD",lfoster@example.net
Georgia Webb-Mills,"Studio 9, Thompson mills, Katieton, WR5W 4BD",zevans@example.net
Jason Watson,"Flat 2, Damian tunnel, Lindafurt, B9C 5QT",allenmelanie@example.com
Miss Gail White,"278 Johnston crest, Elliotmouth, M73 2DT",louiseturner@example.net
Dr Brett Ward,"Flat 22Y, Bond crossing, Port Bradley, W05 7XF",collinspatricia@example.net
Shane Carey-Hilton,"17 Davies key, Port Lynn, PE2E 8BE",leonobrien@example.com
Nathan Ward-Singh,"38 Harvey hollow, New Jemmaburgh, G2S 9BA",thomasjemma@example.net
Gail Kelly-Allen,"Studio 84P, Jones valley, Jordanland, BN2R 7TH",lynda25@example.net
Miss Suzanne Clarke,"37 Vincent mission, East Lewis, M6 3GP",karl27@example.net
Frederick Shaw,"6 Morgan forge, Anthonyton, ME9 4XA",crawfordarthur@example.net
Dr Shannon Thomas,"84 Emma parkways, Millerview, E2B 5PX",gareth39@example.net
Mrs Gemma Thomas,"Studio 72, Toby ridge, Benfurt, M9F 9NU",chanellie@example.org
Miss Beth Johnson,"Studio 99o, Carole neck, New Harriet, PR6E 0YE",jackwilliams@example.com
Chelsea Marshall,"Studio 02H, Chelsea islands, Careymouth, W85 4ZU",louiswhite@example.com
Leanne Vaughan,"Flat 75J, Hussain ports, Wheelerfurt, TD2 0ND",angela47@example.org
Sara Dixon,"9 Norman causeway, Lake Donald, E6 7EF",arnoldcharles@example.com
Frank Jones,"Flat 40X, Naomi ports, New Ian, S20 7GN",baileykirsty@example.net
Zoe Kirby,"743 Mohamed estates, Brooksburgh, N4 2ZR",flewis@example.com
Anthony Gallagher,"Flat 30q, Smith terrace, Hughport, B4S 3BE",zparkes@example.net
Jay Moran,"Flat 93o, Lesley drives, Morrisstad, SN87 3ZD",xhill@example.org
William Long,"5 Clark ford, Greenhaven, TS07 8ST",dohertyellie@example.com
Mark Frost-Warren,"6 Harrison plains, North Meganton, KA2 6QR",ytaylor@example.com
Bethan Robson,"Flat 2, Hill stream, Port Paul, M7 8RJ",kellyward@example.com
Victoria Higgins,"3 Oliver ranch, South Juneton, B67 8HB",stephanieturner@example.org
Dr Gerard Anderson,"28 Amy hills, Benjaminside, G6J 0QR",bethan66@example.org
Paige Akhtar-Powell,"27 Chelsea loop, Randallberg, EH43 1TQ",wilkinsonkarl@example.org
Paige Davies-Gibbs,"837 Brett hollow, East Karlville, SY7H 6JX",lawrence67@example.net
Antony Herbert,"Studio 1, Carter island, West Terry, BH93 0LX",mharris@example.com
Janice Pearce,"Studio 54, Morgan row, Hallstad, G87 8BW",bryantkeith@example.net
Sarah Ali,"203 Patel river, Slatertown, S0 8LX",andrew86@example.org
Sophie Barry,"845 James common, Carolmouth, L3E 0DR",epatel@example.org
Christopher Campbell,"Studio 5, Debra canyon, East Hazel, W4A 4XY",gardnerguy@example.org
